,0,1
0,[0.67763877],[0.8]
1,[0.6553386],[0.4]
2,[0.7151257],[0.8]
3,[0.7127445],[0.8]
4,[0.33811295],[0.4]
5,[0.648424],[0.6]
6,[0.7086489],[0.6]
7,[0.5061007],[0.4]
8,[0.74197614],[0.2]
9,[0.74062717],[1.0]
10,[0.6610192],[0.4]
11,[0.76299655],[1.0]
12,[0.79749215],[0.2]
13,[0.76159453],[0.6]
14,[0.7614946],[1.0]
15,[0.6054037],[0.6]
16,[0.47801393],[0.4]
17,[0.730808],[0.6]
18,[0.48694885],[0.6]
19,[0.51336825],[0.6]
20,[0.6493097],[0.6]
21,[0.41753262],[0.6]
22,[0.5533406],[0.6]
23,[0.6219454],[0.6]
24,[0.5197797],[0.4]
25,[0.49752712],[0.4]
26,[0.6403508],[0.8]
27,[0.65556246],[0.8]
28,[0.7120993],[0.6]
29,[0.30945325],[0.2]
30,[0.5213575],[0.8]
31,[0.6434567],[0.6]
32,[0.56627417],[0.6]
33,[0.767117],[1.0]
34,[0.4282583],[0.4]
35,[0.6148037],[0.4]
36,[0.57972944],[0.6]
37,[0.53831965],[1.0]
38,[0.32687628],[0.2]
39,[0.63544774],[0.4]
40,[0.78579175],[1.0]
41,[0.6113641],[0.8]
42,[0.38894302],[0.2]
43,[0.66518474],[0.8]
44,[0.74494743],[0.8]
45,[0.3962817],[0.6]
46,[0.5341884],[0.6]
47,[0.76724744],[0.6]
48,[0.55291116],[0.6]
49,[0.46511456],[0.4]
50,[0.46969047],[0.2]
51,[0.7137994],[0.4]
52,[0.63652575],[0.6]
53,[0.6313937],[0.6]
54,[0.57473546],[0.4]
55,[0.45746368],[0.4]
56,[0.83968246],[0.6]
57,[0.49027792],[0.2]
58,[0.7657609],[1.0]
59,[0.757242],[0.8]
60,[0.4544198],[0.2]
61,[0.6448331],[0.8]
62,[0.75025],[0.8]
63,[0.83704937],[1.0]
64,[0.6556586],[0.4]
65,[0.82830536],[0.8]
66,[0.42536104],[0.6]
67,[0.7721927],[0.6]
68,[0.65237004],[0.6]
69,[0.6897239],[0.6]
70,[0.7354246],[0.2]
71,[0.71792185],[0.6]
72,[0.8118767],[0.6]
73,[0.73448294],[1.0]
74,[0.7630583],[0.6]
75,[0.7276496],[0.6]
76,[0.6851126],[0.4]
77,[0.6630591],[0.6]
78,[0.8525764],[0.8]
79,[0.68517566],[0.8]
80,[0.7699499],[0.6]
81,[0.64926505],[0.6]
82,[0.6790525],[0.6]
83,[0.6285256],[0.8]
84,[0.75536656],[0.6]
85,[0.6453226],[0.2]
86,[0.68447673],[1.0]
87,[0.8126759],[0.6]
88,[0.7342757],[0.4]
89,[0.53477675],[0.6]
90,[0.63051665],[0.4]
91,[0.64959085],[0.6]
92,[0.38954693],[0.4]
93,[0.6007348],[0.8]
94,[0.73066914],[0.2]
95,[0.616529],[0.6]
96,[0.68778384],[0.6]
97,[0.70964414],[0.6]
98,[0.5841886],[0.6]
99,[0.4364811],[0.8]
100,[0.702943],[0.4]
101,[0.54798675],[0.8]
102,[0.77972716],[0.6]
103,[0.69260204],[0.8]
104,[0.81155324],[1.0]
105,[0.83690774],[0.6]
106,[0.43508658],[0.6]
107,[0.50172204],[0.4]
108,[0.66332066],[0.6]
109,[0.64147055],[0.8]
110,[0.7232558],[0.4]
111,[0.5390006],[0.2]
112,[0.41614705],[0.6]
113,[0.5675306],[0.6]
114,[0.5314038],[0.6]
115,[0.36065197],[0.6]
116,[0.68751216],[0.6]
117,[0.3624614],[1.0]
118,[0.41142595],[0.4]
119,[0.39101094],[0.2]
120,[0.4438266],[0.4]
121,[0.6703204],[0.6]
122,[0.45131758],[0.2]
123,[0.4631339],[0.6]
124,[0.45852828],[0.2]
125,[0.615222],[0.4]
126,[0.77736855],[0.8]
127,[0.62314546],[0.8]
128,[0.656777],[0.6]
129,[0.6623055],[0.4]
130,[0.53166044],[0.8]
131,[0.75549245],[0.6]
132,[0.7353845],[1.0]
133,[0.45723],[0.6]
134,[0.7433821],[0.8]
135,[0.58385867],[0.2]
136,[0.6709088],[0.4]
137,[0.77447397],[0.8]
138,[0.3689803],[0.6]
139,[0.5859783],[0.6]
140,[0.45552003],[0.8]
141,[0.5213575],[0.2]
142,[0.76553404],[0.8]
143,[0.42675552],[0.6]
144,[0.5786191],[0.6]
145,[0.731933],[0.8]
146,[0.6881827],[0.8]
147,[0.3929491],[0.2]
148,[0.7412633],[0.8]
149,[0.78391063],[0.2]
150,[0.3314004],[0.2]
151,[0.5952407],[0.8]
152,[0.750201],[0.8]
153,[0.73677325],[0.4]
154,[0.58593524],[0.6]
155,[0.7472667],[0.4]
156,[0.7351146],[1.0]
157,[0.7927317],[0.8]
158,[0.56473726],[1.0]
159,[0.5213575],[0.8]
160,[0.7167626],[0.6]
161,[0.65852594],[0.8]
162,[0.5065605],[0.8]
163,[0.38567507],[0.6]
164,[0.54960215],[0.6]
165,[0.4648538],[0.8]
166,[0.7067478],[0.8]
167,[0.7439564],[0.8]
168,[0.42879066],[0.4]
169,[0.47273928],[0.4]
170,[0.46299812],[0.2]
171,[0.7320479],[0.8]
172,[0.6482365],[0.6]
173,[0.5198018],[0.2]
174,[0.49016884],[1.0]
175,[0.50581723],[0.4]
176,[0.7267951],[0.6]
177,[0.70178735],[0.6]
178,[0.3780442],[0.4]
179,[0.5639364],[0.4]
180,[0.8351544],[1.0]
181,[0.5519341],[0.6]
182,[0.43469432],[0.4]
183,[0.77208567],[0.8]
184,[0.49589708],[0.6]
185,[0.7870397],[1.0]
186,[0.6384299],[0.8]
187,[0.5545488],[0.6]
188,[0.8360659],[1.0]
189,[0.6707169],[0.8]
190,[0.7167307],[0.4]
191,[0.39944035],[0.8]
192,[0.73804086],[0.6]
193,[0.32670695],[0.6]
194,[0.3420502],[0.8]
195,[0.49690688],[0.8]
196,[0.39663798],[0.2]
197,[0.7207612],[0.8]
198,[0.56328243],[0.8]
199,[0.54799145],[0.2]
200,[0.44441542],[0.8]
201,[0.7035662],[0.8]
202,[0.3792466],[0.8]
203,[0.6656343],[0.6]
204,[0.39287418],[0.6]
205,[0.4340071],[1.0]
206,[0.5541256],[1.0]
207,[0.6529808],[0.8]
208,[0.6880566],[0.8]
209,[0.6444814],[0.8]
210,[0.45093006],[0.2]
211,[0.8055225],[0.8]
212,[0.7294811],[0.4]
213,[0.7508309],[1.0]
214,[0.7354497],[0.8]
215,[0.65949273],[0.4]
216,[0.5039054],[0.4]
217,[0.7403546],[0.6]
218,[0.48364222],[0.6]
219,[0.31498542],[0.4]
220,[0.5345591],[0.6]
221,[0.735784],[0.4]
222,[0.66484565],[0.6]
223,[0.7101679],[0.6]
224,[0.7260804],[0.2]
225,[0.817008],[0.8]
226,[0.58255756],[0.4]
227,[0.57148635],[0.4]
228,[0.78573996],[0.6]
229,[0.701016],[1.0]
230,[0.6585715],[1.0]
231,[0.70788145],[0.4]
232,[0.5417856],[0.4]
233,[0.6761293],[0.4]
234,[0.7657082],[1.0]
235,[0.30457786],[0.2]
236,[0.77303106],[0.8]
237,[0.58133656],[0.2]
238,[0.67662966],[0.2]
239,[0.71085197],[0.6]
240,[0.7402078],[1.0]
241,[0.532599],[0.6]
242,[0.5215849],[0.6]
243,[0.6984284],[0.8]
244,[0.7087749],[0.8]
245,[0.73273146],[0.8]
246,[0.5226524],[0.4]
247,[0.78049064],[0.6]
248,[0.7025162],[1.0]
249,[0.86874187],[1.0]
250,[0.43561268],[0.6]
251,[0.466433],[0.6]
252,[0.43836766],[0.6]
253,[0.6085044],[0.2]
254,[0.67149127],[0.4]
255,[0.5213575],[0.8]
256,[0.59998685],[0.8]
257,[0.6174794],[1.0]
258,[0.5790944],[0.8]
259,[0.4885431],[0.6]
260,[0.7629257],[0.2]
261,[0.71136594],[1.0]
262,[0.7517788],[0.8]
263,[0.44437835],[0.8]
264,[0.60361075],[0.8]
265,[0.7819357],[0.6]
266,[0.35305724],[0.4]
267,[0.5237632],[0.8]
268,[0.6543927],[0.8]
269,[0.7856345],[0.8]
270,[0.39218026],[0.8]
271,[0.67065614],[0.8]
272,[0.4864825],[0.6]
273,[0.8369794],[1.0]
274,[0.7299907],[1.0]
275,[0.7213114],[0.6]
276,[0.54062945],[0.4]
277,[0.71182173],[0.6]
278,[0.7210985],[0.8]
279,[0.3218158],[0.2]
280,[0.7710545],[0.8]
281,[0.504299],[0.6]
282,[0.72370225],[0.8]
283,[0.717266],[0.6]
284,[0.6593654],[0.6]
285,[0.54516333],[0.8]
286,[0.6712721],[0.6]
287,[0.3247962],[0.2]
288,[0.56697136],[1.0]
289,[0.5873549],[0.2]
290,[0.7396706],[0.8]
291,[0.8108365],[0.6]
292,[0.47345993],[0.4]
293,[0.73264116],[1.0]
294,[0.7306212],[0.8]
295,[0.5402204],[0.6]
296,[0.44574875],[0.6]
297,[0.44075817],[0.6]
298,[0.6507688],[0.6]
299,[0.7781501],[0.8]
300,[0.7083178],[0.6]
301,[0.74710816],[0.2]
302,[0.6923892],[0.4]
303,[0.72440875],[0.8]
304,[0.72021294],[0.8]
305,[0.8075762],[1.0]
306,[0.77396554],[0.6]
307,[0.77143323],[0.6]
308,[0.7423736],[0.6]
309,[0.6099535],[0.4]
310,[0.7114478],[1.0]
311,[0.6146252],[0.6]
312,[0.7769262],[0.8]
313,[0.83216524],[0.8]
314,[0.76172864],[0.2]
315,[0.52819455],[0.8]
316,[0.6684021],[0.4]
317,[0.8085973],[0.8]
318,[0.7072354],[0.8]
319,[0.61683625],[0.6]
320,[0.54821134],[0.4]
321,[0.5883665],[0.4]
322,[0.501415],[0.2]
323,[0.8434194],[0.8]
324,[0.60196644],[0.8]
325,[0.7932793],[0.6]
326,[0.4401633],[0.4]
327,[0.720574],[1.0]
328,[0.75200474],[1.0]
329,[0.63114387],[0.8]
330,[0.4709003],[0.6]
331,[0.6404205],[0.4]
332,[0.76154447],[0.6]
333,[0.7378901],[1.0]
334,[0.8236922],[0.6]
335,[0.7952131],[0.4]
336,[0.65183294],[0.8]
337,[0.3709787],[0.4]
338,[0.71466213],[0.6]
339,[0.76897943],[0.6]
340,[0.46388316],[0.8]
341,[0.6309309],[0.8]
342,[0.7988634],[0.6]
343,[0.6705502],[0.6]
344,[0.8532263],[0.6]
345,[0.4363845],[0.4]
346,[0.75908995],[1.0]
347,[0.2768349],[0.2]
348,[0.7140136],[0.2]
349,[0.76377696],[1.0]
350,[0.5256932],[0.2]
351,[0.7173965],[0.8]
352,[0.75837255],[0.6]
353,[0.6314644],[0.2]
354,[0.63792807],[0.4]
355,[0.72465056],[0.6]
356,[0.6730368],[1.0]
357,[0.45881572],[0.2]
358,[0.2947663],[0.6]
359,[0.6696923],[0.6]
360,[0.8088855],[0.6]
361,[0.5476897],[0.8]
362,[0.8060218],[0.8]
363,[0.49221778],[0.8]
364,[0.3122455],[0.4]
365,[0.7089367],[0.6]
366,[0.7232071],[0.4]
367,[0.334027],[0.2]
368,[0.37375113],[0.2]
369,[0.64948887],[0.4]
370,[0.5961191],[0.8]
371,[0.704623],[0.4]
372,[0.62551594],[0.2]
373,[0.62896883],[0.6]
374,[0.36753312],[0.4]
375,[0.3283212],[0.6]
376,[0.7711233],[0.6]
377,[0.6863264],[0.6]
378,[0.71426904],[0.6]
379,[0.34235144],[1.0]
380,[0.45801634],[0.4]
381,[0.614286],[0.6]
382,[0.7266959],[0.8]
383,[0.41192025],[0.6]
384,[0.77039206],[0.8]
385,[0.63455796],[0.8]
386,[0.45050058],[0.2]
387,[0.6467409],[0.2]
388,[0.69375837],[1.0]
389,[0.70655113],[0.6]
390,[0.47547647],[0.4]
391,[0.70329833],[0.8]
392,[0.5370131],[0.6]
393,[0.6407633],[0.8]
394,[0.7098423],[0.4]
395,[0.5213575],[0.6]
396,[0.73069274],[0.6]
397,[0.65540135],[0.8]
398,[0.452104],[0.6]
399,[0.394944],[0.4]
400,[0.52141845],[0.6]
401,[0.33197108],[0.2]
402,[0.7441682],[0.6]
403,[0.40103343],[1.0]
404,[0.8432002],[0.4]
405,[0.7253336],[0.8]
406,[0.5096341],[0.4]
407,[0.6249347],[0.8]
408,[0.44799203],[0.6]
409,[0.5040294],[0.8]
410,[0.81139636],[0.6]
411,[0.7164285],[0.6]
412,[0.5781864],[0.2]
413,[0.43324405],[0.4]
414,[0.40575364],[0.8]
415,[0.6380379],[0.6]
416,[0.5080265],[0.4]
417,[0.60782933],[0.6]
418,[0.5785954],[0.2]
419,[0.6648512],[0.6]
420,[0.43859506],[0.8]
421,[0.4849463],[0.4]
422,[0.4911428],[0.6]
423,[0.7227985],[0.8]
424,[0.452104],[0.6]
425,[0.49636003],[0.8]
426,[0.5141353],[0.2]
427,[0.4159382],[0.6]
428,[0.7270551],[0.6]
429,[0.54605603],[0.6]
430,[0.7566354],[0.8]
431,[0.46841782],[0.8]
432,[0.5679221],[0.8]
433,[0.37068465],[0.4]
434,[0.452104],[0.6]
435,[0.5918376],[0.4]
436,[0.76829815],[0.6]
437,[0.7260612],[0.8]
438,[0.69648093],[0.6]
439,[0.7155638],[0.2]
440,[0.74725294],[0.6]
441,[0.75501263],[1.0]
442,[0.40218455],[0.8]
443,[0.55138075],[0.6]
444,[0.38937852],[0.8]
445,[0.42267576],[0.6]
446,[0.71009755],[0.6]
447,[0.7787998],[0.6]
448,[0.7206035],[0.6]
449,[0.42718837],[0.6]
450,[0.29192767],[0.2]
451,[0.7306627],[0.8]
452,[0.5593237],[1.0]
453,[0.646959],[1.0]
454,[0.6330572],[0.8]
455,[0.6978301],[0.8]
456,[0.47542104],[0.6]
457,[0.5213575],[0.6]
458,[0.30127722],[0.2]
459,[0.68177646],[0.6]
460,[0.41771704],[0.8]
461,[0.48822978],[0.4]
462,[0.6440592],[0.6]
463,[0.5213575],[0.4]
464,[0.6277325],[0.8]
465,[0.62588286],[0.4]
466,[0.639541],[0.8]
467,[0.7234514],[0.8]
468,[0.526236],[0.8]
469,[0.62283105],[0.6]
470,[0.6857639],[0.8]
471,[0.6556778],[0.8]
472,[0.7140041],[1.0]
473,[0.76375806],[1.0]
474,[0.734237],[0.8]
475,[0.58542985],[0.8]
476,[0.8223578],[0.4]
477,[0.71045196],[0.8]
478,[0.7613964],[0.8]
479,[0.6377108],[1.0]
480,[0.7592062],[0.2]
481,[0.84713125],[0.6]
482,[0.54059124],[0.6]
483,[0.7965271],[0.8]
484,[0.7316682],[0.4]
485,[0.5772311],[0.6]
486,[0.51987547],[0.6]
487,[0.64921016],[0.6]
488,[0.44881684],[0.6]
489,[0.39662546],[0.6]
490,[0.4736625],[0.4]
491,[0.68773156],[0.8]
492,[0.4548783],[0.8]
493,[0.5213575],[0.4]
494,[0.6371678],[0.6]
495,[0.55811095],[0.2]
496,[0.40536588],[0.6]
497,[0.605528],[0.4]
498,[0.5213575],[0.4]
499,[0.4427088],[1.0]
500,[0.73626745],[0.8]
501,[0.5851284],[0.8]
502,[0.6345947],[0.8]
503,[0.46021983],[0.2]
504,[0.70929295],[0.8]
505,[0.41914958],[0.8]
506,[0.36537775],[0.4]
507,[0.75411665],[0.8]
508,[0.4438874],[0.8]
509,[0.74481344],[0.8]
510,[0.49368998],[0.4]
511,[0.661088],[0.4]
512,[0.6546857],[0.8]
513,[0.7388487],[0.8]
514,[0.6494479],[0.4]
515,[0.80016667],[1.0]
516,[0.6833065],[0.6]
517,[0.4461908],[1.0]
518,[0.7979647],[0.6]
519,[0.46203345],[0.6]
520,[0.73499763],[0.8]
521,[0.7123042],[0.4]
522,[0.5345899],[0.4]
523,[0.7324327],[0.4]
524,[0.7574916],[0.6]
525,[0.6680535],[0.8]
526,[0.65418434],[0.6]
527,[0.6717052],[1.0]
528,[0.5666736],[0.2]
529,[0.34290412],[0.4]
530,[0.6938145],[0.6]
531,[0.7298104],[0.6]
532,[0.72401106],[0.8]
533,[0.6811117],[0.6]
534,[0.70288867],[0.8]
535,[0.71521103],[0.8]
536,[0.40356058],[0.2]
537,[0.47693512],[0.6]
538,[0.6809006],[1.0]
539,[0.7227703],[0.4]
540,[0.55958796],[0.6]
541,[0.5187571],[0.8]
542,[0.32793626],[0.4]
543,[0.52763605],[0.8]
544,[0.70518345],[0.6]
545,[0.71595293],[0.6]
546,[0.70927984],[0.4]
547,[0.4699797],[1.0]
548,[0.7165402],[0.8]
549,[0.6971837],[0.4]
550,[0.6070895],[0.8]
551,[0.65550584],[0.8]
552,[0.55353343],[0.4]
553,[0.739342],[0.6]
554,[0.7236036],[0.6]
555,[0.6780832],[0.8]
556,[0.3153969],[0.2]
557,[0.38991585],[0.6]
558,[0.5468905],[0.2]
559,[0.6028516],[0.8]
560,[0.333753],[0.2]
561,[0.6155028],[0.8]
562,[0.7148483],[0.6]
563,[0.70108443],[0.2]
564,[0.7095804],[0.6]
565,[0.6767137],[1.0]
566,[0.37191802],[0.4]
567,[0.34539995],[1.0]
568,[0.63554424],[0.6]
569,[0.3728248],[0.6]
570,[0.49897859],[0.6]
571,[0.6745957],[0.8]
572,[0.4072637],[0.4]
573,[0.7250499],[0.6]
574,[0.50747293],[0.8]
575,[0.4857872],[0.2]
576,[0.54478323],[0.2]
577,[0.48912448],[0.8]
578,[0.5865015],[0.8]
579,[0.75902253],[1.0]
580,[0.39851832],[0.2]
581,[0.55191284],[0.6]
582,[0.54830897],[1.0]
583,[0.49580085],[0.6]
584,[0.3485418],[1.0]
585,[0.674623],[0.8]
586,[0.76839685],[0.8]
587,[0.5538043],[0.4]
588,[0.39012736],[1.0]
589,[0.67612517],[0.8]
590,[0.52823687],[0.4]
591,[0.5515141],[0.4]
592,[0.44149822],[1.0]
593,[0.7663178],[0.8]
594,[0.74315184],[0.2]
595,[0.5146348],[0.2]
596,[0.72143793],[0.8]
597,[0.5158321],[1.0]
598,[0.5105339],[0.6]
599,[0.6620587],[0.6]
600,[0.45416847],[0.4]
601,[0.7678075],[0.6]
602,[0.6745833],[1.0]
603,[0.6820177],[0.4]
604,[0.75864315],[1.0]
605,[0.7859492],[0.8]
606,[0.6566805],[0.8]
607,[0.36386257],[0.2]
608,[0.32750928],[0.6]
609,[0.79552794],[0.8]
610,[0.44588804],[0.8]
611,[0.6467666],[0.8]
612,[0.7336363],[1.0]
613,[0.452104],[0.6]
614,[0.64725745],[0.2]
615,[0.564459],[0.6]
616,[0.6362862],[0.4]
617,[0.6559736],[0.2]
618,[0.71132094],[0.8]
619,[0.8350749],[1.0]
620,[0.77510583],[0.6]
621,[0.76164186],[0.6]
622,[0.4588153],[0.4]
623,[0.6852229],[0.4]
624,[0.84177256],[1.0]
625,[0.72449434],[0.8]
626,[0.45306048],[0.2]
627,[0.56163913],[0.6]
628,[0.74233913],[1.0]
629,[0.78129596],[0.8]
630,[0.47511682],[1.0]
631,[0.5212241],[0.6]
632,[0.735845],[0.4]
633,[0.60874194],[0.4]
634,[0.5431689],[0.6]
635,[0.600791],[0.8]
636,[0.44457886],[0.8]
637,[0.70634556],[0.6]
638,[0.7806667],[1.0]
639,[0.6648493],[0.6]
640,[0.5203591],[1.0]
641,[0.5374102],[0.2]
642,[0.7192911],[0.6]
643,[0.75438],[0.8]
644,[0.6385174],[0.2]
645,[0.6437085],[0.6]
646,[0.75149775],[0.6]
647,[0.5571332],[1.0]
648,[0.5786986],[0.2]
649,[0.71807384],[0.2]
650,[0.71926486],[0.4]
651,[0.7986892],[0.6]
652,[0.43717274],[0.4]
653,[0.79112494],[0.8]
654,[0.6807079],[0.6]
655,[0.6127119],[0.8]
656,[0.4726352],[0.8]
657,[0.5534559],[0.4]
658,[0.57246536],[0.6]
659,[0.3656735],[0.8]
660,[0.40718082],[0.2]
661,[0.6839618],[0.6]
662,[0.47538495],[0.2]
663,[0.7852311],[0.6]
664,[0.4156421],[0.6]
665,[0.73405254],[0.8]
666,[0.57531875],[0.6]
667,[0.72978747],[0.8]
668,[0.42473704],[0.4]
669,[0.69600356],[0.6]
670,[0.5675406],[0.4]
671,[0.5111467],[0.8]
672,[0.73779035],[0.8]
673,[0.7047252],[0.8]
674,[0.70295066],[0.6]
675,[0.5576262],[0.2]
676,[0.6969042],[0.8]
677,[0.6809757],[0.6]
678,[0.6633954],[0.6]
679,[0.67175233],[0.8]
680,[0.37274933],[0.8]
681,[0.67068547],[0.6]
682,[0.56416154],[0.6]
683,[0.6172658],[0.4]
684,[0.76687],[0.8]
685,[0.3920863],[0.2]
686,[0.31352842],[0.2]
687,[0.71335244],[0.6]
688,[0.54611194],[0.8]
689,[0.3140869],[0.2]
690,[0.8014784],[0.8]
691,[0.74439037],[0.4]
692,[0.7565036],[0.8]
693,[0.57199985],[0.8]
694,[0.7547345],[0.8]
695,[0.7813109],[0.4]
696,[0.5682834],[0.2]
697,[0.71588165],[0.2]
698,[0.6251499],[0.8]
699,[0.8101766],[0.4]
700,[0.727949],[0.6]
701,[0.6677604],[0.8]
702,[0.7873458],[0.6]
703,[0.75641835],[0.6]
704,[0.6470686],[0.6]
705,[0.6948258],[0.6]
706,[0.7963443],[1.0]
707,[0.6834328],[0.4]
708,[0.3374291],[0.4]
709,[0.74519837],[0.6]
710,[0.69971806],[0.6]
711,[0.738485],[0.6]
712,[0.78508705],[0.8]
713,[0.3744309],[0.4]
714,[0.53478277],[0.4]
715,[0.54807055],[0.6]
716,[0.7095294],[0.8]
717,[0.73281014],[0.6]
718,[0.41253644],[0.4]
719,[0.6272021],[0.8]
720,[0.63621706],[0.6]
721,[0.6028585],[0.8]
722,[0.3975466],[0.6]
723,[0.4488467],[0.2]
724,[0.39567465],[0.4]
725,[0.76373214],[0.8]
726,[0.53158593],[0.6]
727,[0.7958394],[0.8]
728,[0.37877685],[0.8]
729,[0.76696754],[0.8]
730,[0.67921585],[0.2]
731,[0.64843976],[0.4]
732,[0.5459242],[0.8]
733,[0.5881284],[0.6]
734,[0.6495875],[0.6]
735,[0.7434656],[0.4]
736,[0.43927324],[0.6]
737,[0.7476917],[0.4]
738,[0.7170166],[0.8]
739,[0.64999646],[0.8]
740,[0.76065457],[1.0]
741,[0.5510622],[1.0]
742,[0.48001745],[0.6]
743,[0.71617746],[0.4]
744,[0.7089561],[0.4]
745,[0.5721898],[0.6]
746,[0.8313986],[0.6]
747,[0.7371708],[0.8]
748,[0.7142388],[0.6]
749,[0.74490696],[0.2]
750,[0.7467388],[0.8]
751,[0.40384552],[0.6]
752,[0.7234304],[0.6]
753,[0.5213575],[0.6]
754,[0.71483564],[0.6]
755,[0.72092867],[0.4]
756,[0.5292554],[0.2]
757,[0.75566477],[0.8]
758,[0.71739876],[1.0]
759,[0.540833],[0.8]
760,[0.65700907],[0.6]
761,[0.52130556],[0.6]
762,[0.6449125],[0.2]
763,[0.6311014],[0.8]
764,[0.6804816],[0.4]
765,[0.7203512],[0.8]
766,[0.6574054],[0.8]
767,[0.4551317],[0.8]
768,[0.7820723],[0.8]
769,[0.6460264],[0.6]
770,[0.67008936],[0.6]
771,[0.7362386],[0.6]
772,[0.6084606],[0.6]
773,[0.5257218],[0.6]
774,[0.7359173],[1.0]
775,[0.7656044],[0.6]
776,[0.70856583],[0.6]
777,[0.73694146],[0.8]
778,[0.6820927],[0.6]
779,[0.65785563],[0.6]
780,[0.68747807],[0.6]
781,[0.3777729],[0.2]
782,[0.6847707],[1.0]
783,[0.66093874],[0.6]
784,[0.6222393],[0.8]
785,[0.73965216],[1.0]
786,[0.4764499],[0.6]
787,[0.5167621],[0.4]
788,[0.6373457],[1.0]
789,[0.51938623],[0.6]
790,[0.5753844],[0.8]
791,[0.6979163],[0.4]
792,[0.6464258],[0.8]
793,[0.28911427],[1.0]
794,[0.64251935],[0.6]
795,[0.4131368],[0.2]
796,[0.55621696],[0.2]
797,[0.5424982],[0.8]
798,[0.3431458],[0.4]
799,[0.64773595],[1.0]
800,[0.44732824],[0.6]
801,[0.67598796],[0.6]
802,[0.55292565],[0.8]
803,[0.71587104],[0.6]
804,[0.57141924],[0.6]
805,[0.61518466],[0.8]
806,[0.46579158],[0.6]
807,[0.75611544],[0.6]
808,[0.6383778],[0.6]
809,[0.7201767],[0.6]
810,[0.7415654],[0.6]
811,[0.6166437],[0.4]
812,[0.66204923],[0.8]
813,[0.62090653],[0.6]
814,[0.4791703],[0.6]
815,[0.76997954],[1.0]
816,[0.76737726],[0.2]
817,[0.72754645],[1.0]
818,[0.7118387],[0.6]
819,[0.73303133],[1.0]
820,[0.7191567],[0.8]
821,[0.6849676],[0.6]
822,[0.7870883],[0.4]
823,[0.7062162],[0.8]
824,[0.7919083],[0.4]
825,[0.8127128],[0.8]
826,[0.63110363],[0.8]
827,[0.6693463],[0.4]
828,[0.46666196],[0.6]
829,[0.8194983],[0.6]
830,[0.729585],[0.2]
831,[0.77694654],[0.4]
832,[0.62259585],[0.8]
833,[0.6741114],[0.6]
834,[0.5635149],[1.0]
835,[0.4884358],[0.6]
836,[0.35022685],[0.2]
837,[0.68299615],[0.8]
838,[0.665142],[0.6]
839,[0.5287452],[0.8]
840,[0.5672981],[0.2]
841,[0.7757188],[0.8]
842,[0.6119844],[0.6]
843,[0.43506938],[0.2]
844,[0.5913234],[0.8]
845,[0.32061368],[0.2]
846,[0.7580185],[1.0]
847,[0.69470555],[0.8]
848,[0.66558063],[0.2]
849,[0.6421083],[0.8]
850,[0.55008227],[0.6]
851,[0.6066363],[1.0]
852,[0.5943149],[1.0]
853,[0.54470056],[0.6]
854,[0.7942469],[1.0]
855,[0.75527763],[0.6]
856,[0.72352576],[0.8]
857,[0.6332148],[0.6]
858,[0.7191464],[1.0]
859,[0.7135656],[0.8]
860,[0.73966676],[0.6]
861,[0.7460802],[0.4]
862,[0.71896905],[0.6]
863,[0.72559947],[0.2]
864,[0.7563779],[0.6]
865,[0.72648954],[0.6]
866,[0.29153097],[0.2]
867,[0.76696],[0.6]
868,[0.45158476],[0.6]
869,[0.75303817],[0.8]
870,[0.6209795],[0.6]
871,[0.7724388],[0.6]
872,[0.73374796],[0.6]
873,[0.4338438],[0.4]
874,[0.5078495],[0.4]
875,[0.73201877],[0.8]
876,[0.66750044],[1.0]
877,[0.49651483],[0.6]
878,[0.5714812],[0.8]
879,[0.5970838],[0.8]
880,[0.5478489],[0.8]
881,[0.62166184],[0.2]
882,[0.61880827],[0.2]
883,[0.35259753],[0.2]
884,[0.39177546],[0.6]
885,[0.74262345],[0.6]
886,[0.5124669],[0.6]
887,[0.640581],[0.2]
888,[0.43462178],[0.4]
889,[0.6903436],[0.8]
890,[0.61418694],[0.4]
891,[0.74338317],[1.0]
892,[0.42122263],[0.2]
893,[0.68213195],[0.6]
894,[0.657051],[0.4]
895,[0.7100086],[0.6]
896,[0.6468824],[0.2]
897,[0.4775195],[0.4]
898,[0.62492955],[0.8]
899,[0.7265504],[0.6]
900,[0.6669948],[0.4]
901,[0.38778478],[0.2]
902,[0.49658167],[0.6]
903,[0.3190683],[0.2]
904,[0.5980864],[0.8]
905,[0.55638725],[0.2]
906,[0.45684475],[0.4]
907,[0.43091384],[0.6]
908,[0.623478],[0.4]
909,[0.56493366],[1.0]
910,[0.7131176],[1.0]
911,[0.35695103],[0.4]
912,[0.69878227],[0.4]
913,[0.65840703],[0.8]
914,[0.53139645],[0.6]
915,[0.6035152],[0.6]
916,[0.6577425],[0.6]
917,[0.625845],[0.6]
918,[0.5213575],[0.2]
919,[0.41123915],[0.4]
920,[0.6802415],[0.8]
921,[0.6353495],[0.4]
922,[0.4528169],[0.2]
923,[0.40637556],[0.6]
924,[0.67489314],[0.4]
925,[0.72515756],[1.0]
926,[0.6397004],[0.6]
927,[0.32390165],[0.2]
928,[0.41185772],[0.4]
929,[0.6442811],[0.2]
930,[0.44492126],[0.6]
931,[0.7271778],[0.8]
932,[0.50027424],[0.4]
933,[0.701845],[1.0]
934,[0.7625436],[0.6]
935,[0.4426088],[0.4]
936,[0.51513666],[0.6]
937,[0.48517808],[0.6]
938,[0.44858903],[0.2]
939,[0.7654617],[0.8]
940,[0.46305534],[0.6]
941,[0.59045243],[0.2]
942,[0.6352308],[0.8]
943,[0.70231634],[0.8]
944,[0.53099966],[0.8]
945,[0.5120643],[0.8]
946,[0.44730216],[0.6]
947,[0.71373373],[0.6]
948,[0.6162287],[0.6]
949,[0.7030734],[0.8]
950,[0.69004524],[0.8]
951,[0.3493951],[0.8]
952,[0.63206357],[0.6]
953,[0.71343315],[0.6]
954,[0.4224686],[1.0]
955,[0.56458586],[0.6]
956,[0.6897872],[0.6]
957,[0.5523837],[0.6]
958,[0.6259891],[0.8]
959,[0.616923],[0.8]
960,[0.6391417],[0.8]
961,[0.47555915],[0.4]
962,[0.637269],[0.8]
963,[0.70317423],[1.0]
964,[0.71032965],[0.6]
965,[0.43588313],[0.4]
966,[0.7475043],[1.0]
967,[0.43260524],[0.2]
968,[0.6369184],[0.2]
969,[0.36999115],[0.6]
970,[0.47106317],[0.6]
971,[0.34858972],[0.2]
972,[0.4689698],[0.6]
973,[0.48322192],[0.6]
974,[0.7172206],[0.8]
975,[0.46913078],[0.6]
976,[0.4721855],[0.6]
977,[0.59659004],[0.8]
978,[0.4737166],[0.8]
979,[0.42542422],[0.6]
980,[0.56450516],[0.6]
981,[0.7074725],[0.8]
982,[0.67770505],[0.2]
983,[0.64793324],[0.2]
984,[0.7684084],[1.0]
985,[0.7405487],[0.4]
986,[0.7600439],[0.8]
987,[0.62897307],[0.2]
988,[0.35491526],[0.8]
989,[0.54244757],[0.4]
990,[0.41861147],[0.6]
991,[0.82447195],[0.8]
992,[0.82447195],[0.6]
993,[0.7104021],[0.6]
994,[0.36447334],[0.4]
995,[0.49362925],[0.6]
996,[0.41452426],[0.2]
997,[0.4262277],[0.8]
998,[0.7955985],[0.6]
999,[0.65486056],[0.8]
1000,[0.8396493],[0.6]
1001,[0.76339966],[0.8]
1002,[0.41191152],[0.2]
1003,[0.6979309],[0.8]
1004,[0.8278956],[0.8]
1005,[0.6100551],[0.8]
1006,[0.718635],[0.6]
1007,[0.6951592],[0.4]
1008,[0.58481675],[0.8]
1009,[0.7305966],[1.0]
1010,[0.7775322],[0.4]
1011,[0.31554103],[0.2]
1012,[0.58466965],[0.8]
1013,[0.38413543],[0.4]
1014,[0.66924286],[0.6]
1015,[0.3178692],[0.6]
1016,[0.52847254],[0.4]
1017,[0.63217264],[0.6]
1018,[0.5513554],[0.8]
1019,[0.3826278],[0.6]
1020,[0.6748826],[0.6]
1021,[0.618375],[0.4]
1022,[0.5977645],[0.6]
1023,[0.6759124],[0.8]
1024,[0.65771973],[0.6]
1025,[0.7799655],[1.0]
1026,[0.6300239],[0.4]
1027,[0.37415558],[0.8]
1028,[0.31808895],[0.2]
1029,[0.44002256],[0.4]
1030,[0.54876053],[0.4]
1031,[0.54409915],[0.6]
1032,[0.45473653],[0.8]
1033,[0.79804826],[0.6]
1034,[0.79149115],[1.0]
1035,[0.4069392],[0.8]
1036,[0.8123305],[0.6]
1037,[0.7244882],[0.6]
1038,[0.5544372],[0.6]
1039,[0.6457866],[0.8]
1040,[0.32510608],[0.4]
1041,[0.3904274],[0.6]
1042,[0.56422925],[0.4]
1043,[0.63473284],[0.6]
1044,[0.63439],[0.8]
1045,[0.73391366],[0.8]
1046,[0.63535],[0.6]
1047,[0.89611745],[0.8]
1048,[0.7498685],[0.6]
1049,[0.40995586],[0.4]
1050,[0.6243134],[0.8]
1051,[0.7173487],[0.8]
1052,[0.59601176],[0.4]
1053,[0.476482],[0.8]
1054,[0.60563326],[0.8]
1055,[0.6420988],[0.8]
1056,[0.7039957],[0.8]
1057,[0.7340735],[0.6]
1058,[0.6129945],[0.4]
1059,[0.7962976],[1.0]
1060,[0.48885348],[0.8]
1061,[0.69345725],[0.4]
1062,[0.30298123],[0.2]
1063,[0.59164625],[0.2]
1064,[0.7125984],[0.6]
1065,[0.83891046],[0.2]
1066,[0.82686836],[1.0]
1067,[0.6947657],[0.4]
1068,[0.7043587],[0.8]
1069,[0.48874545],[0.6]
1070,[0.6838094],[0.8]
1071,[0.55907035],[0.4]
1072,[0.73361385],[0.6]
1073,[0.8184465],[1.0]
1074,[0.77313554],[0.6]
1075,[0.7643198],[0.4]
1076,[0.529027],[0.4]
1077,[0.7438892],[0.8]
1078,[0.6898366],[0.2]
1079,[0.6163546],[1.0]
1080,[0.6900661],[1.0]
1081,[0.67998433],[1.0]
1082,[0.5143778],[0.4]
1083,[0.6110545],[0.6]
1084,[0.66664636],[0.6]
1085,[0.6948355],[1.0]
1086,[0.64800286],[0.8]
1087,[0.8166011],[0.8]
1088,[0.44909573],[0.6]
1089,[0.44940987],[0.6]
1090,[0.50105274],[0.2]
1091,[0.7248443],[0.6]
1092,[0.7060794],[0.8]
1093,[0.71529675],[0.8]
1094,[0.71155554],[1.0]
1095,[0.46086648],[0.6]
1096,[0.3698457],[0.6]
1097,[0.47967228],[0.4]
1098,[0.6038025],[0.8]
1099,[0.47268918],[0.2]
1100,[0.5264558],[0.4]
1101,[0.767691],[0.8]
1102,[0.48316607],[0.6]
1103,[0.79143023],[0.4]
1104,[0.7583513],[0.4]
1105,[0.54505277],[0.6]
1106,[0.5216015],[0.6]
1107,[0.8641372],[1.0]
1108,[0.83380663],[0.8]
1109,[0.34159845],[0.8]
1110,[0.43303192],[0.4]
1111,[0.7060556],[0.4]
1112,[0.5059439],[0.6]
1113,[0.8102349],[1.0]
1114,[0.5460641],[0.4]
1115,[0.5749438],[0.6]
1116,[0.72101355],[1.0]
1117,[0.6356319],[0.8]
1118,[0.7121185],[1.0]
1119,[0.6464321],[0.8]
1120,[0.48954904],[0.2]
1121,[0.5308668],[0.4]
1122,[0.39421403],[0.4]
1123,[0.6494439],[0.6]
1124,[0.525223],[0.6]
1125,[0.343378],[0.4]
1126,[0.5213575],[1.0]
1127,[0.8438878],[0.8]
1128,[0.6349767],[0.6]
1129,[0.45758334],[0.4]
1130,[0.51497835],[0.6]
1131,[0.7289641],[0.2]
1132,[0.51034576],[0.6]
1133,[0.5109686],[0.8]
1134,[0.4146591],[0.8]
1135,[0.55979985],[0.6]
1136,[0.4097803],[0.8]
1137,[0.4793777],[0.6]
1138,[0.6807031],[0.8]
1139,[0.77098155],[0.8]
1140,[0.52416533],[0.6]
1141,[0.583295],[0.4]
1142,[0.75988084],[0.6]
1143,[0.3545743],[0.2]
1144,[0.73379326],[0.8]
1145,[0.5009658],[0.6]
1146,[0.54824823],[1.0]
1147,[0.32775137],[0.2]
1148,[0.727944],[0.2]
1149,[0.84769046],[0.8]
1150,[0.63349545],[0.4]
1151,[0.6945996],[1.0]
1152,[0.43076083],[0.6]
1153,[0.62593365],[0.8]
1154,[0.44839585],[0.4]
1155,[0.8476832],[0.6]
1156,[0.8153672],[0.8]
1157,[0.4029013],[0.4]
1158,[0.7786199],[1.0]
1159,[0.31689972],[0.4]
1160,[0.64424306],[0.6]
1161,[0.72527736],[0.4]
1162,[0.6214012],[0.6]
1163,[0.37514853],[0.8]
1164,[0.74108064],[0.6]
1165,[0.62500876],[0.4]
1166,[0.60964173],[0.4]
1167,[0.40925378],[0.6]
1168,[0.35981005],[0.2]
1169,[0.63367164],[0.8]
1170,[0.5496438],[0.6]
1171,[0.69365466],[0.8]
1172,[0.7386768],[0.6]
1173,[0.66905713],[1.0]
1174,[0.36753687],[0.4]
1175,[0.65660936],[1.0]
1176,[0.55787694],[0.6]
1177,[0.71685505],[0.8]
1178,[0.6142973],[0.8]
1179,[0.75521743],[0.8]
1180,[0.7619662],[1.0]
1181,[0.57231367],[0.8]
1182,[0.74805987],[0.6]
1183,[0.661078],[0.8]
1184,[0.43719643],[0.8]
1185,[0.4234282],[0.8]
1186,[0.5128964],[0.8]
1187,[0.73781973],[0.2]
1188,[0.56814086],[0.4]
1189,[0.4707961],[0.4]
1190,[0.7004384],[1.0]
1191,[0.69809717],[0.6]
1192,[0.48692188],[0.6]
1193,[0.5137902],[0.6]
1194,[0.71656525],[0.8]
1195,[0.47821108],[0.6]
1196,[0.72110915],[0.8]
1197,[0.7374556],[0.8]
1198,[0.50823677],[1.0]
1199,[0.3239985],[0.4]
1200,[0.70507556],[0.4]
1201,[0.6271355],[0.8]
1202,[0.51381624],[0.2]
1203,[0.6428138],[0.6]
1204,[0.6186579],[0.8]
1205,[0.3144629],[0.4]
1206,[0.5716469],[1.0]
1207,[0.3861443],[0.8]
1208,[0.7203722],[0.6]
1209,[0.4539442],[0.6]
1210,[0.7217968],[0.8]
1211,[0.7346008],[0.4]
1212,[0.3997153],[0.6]
1213,[0.72229946],[0.6]
1214,[0.6850978],[0.6]
1215,[0.480763],[1.0]
1216,[0.5213575],[0.2]
1217,[0.4854694],[0.4]
1218,[0.53674644],[0.4]
1219,[0.69591415],[1.0]
1220,[0.6355178],[0.2]
1221,[0.3969787],[0.6]
1222,[0.6483873],[0.4]
1223,[0.7076591],[1.0]
1224,[0.36427748],[0.4]
1225,[0.4909229],[0.6]
1226,[0.39650476],[0.4]
1227,[0.7203143],[0.4]
1228,[0.6680987],[0.8]
1229,[0.51507294],[0.2]
1230,[0.73618996],[0.8]
1231,[0.7960233],[0.8]
1232,[0.7708329],[0.6]
1233,[0.7043685],[0.6]
1234,[0.4073919],[0.6]
1235,[0.62542355],[0.8]
1236,[0.7385403],[1.0]
1237,[0.693974],[0.4]
1238,[0.7044135],[0.6]
1239,[0.6936866],[0.4]
1240,[0.8962916],[0.8]
1241,[0.6465336],[0.6]
1242,[0.68199646],[0.4]
1243,[0.7624286],[0.8]
1244,[0.7501519],[0.8]
1245,[0.7706711],[0.6]
1246,[0.79261386],[0.4]
1247,[0.7079164],[1.0]
1248,[0.62871337],[0.6]
1249,[0.62303567],[0.6]
1250,[0.36207938],[0.6]
1251,[0.7236118],[0.8]
1252,[0.59433293],[0.6]
1253,[0.71571],[0.6]
1254,[0.3653835],[0.6]
1255,[0.56413597],[0.4]
1256,[0.52662736],[0.8]
1257,[0.7326069],[0.8]
1258,[0.6307908],[0.4]
1259,[0.7637875],[0.4]
1260,[0.8264508],[0.6]
1261,[0.43318772],[0.2]
1262,[0.69644195],[1.0]
1263,[0.7158078],[0.8]
1264,[0.6418694],[0.8]
1265,[0.7375454],[0.4]
1266,[0.3531136],[0.4]
1267,[0.5130321],[0.4]
1268,[0.734796],[0.8]
1269,[0.56974465],[0.6]
1270,[0.44965068],[0.8]
1271,[0.62071574],[0.4]
1272,[0.5481496],[0.6]
1273,[0.70346993],[0.6]
1274,[0.63771534],[0.4]
1275,[0.70413804],[0.8]
1276,[0.4555651],[0.4]
1277,[0.65113866],[0.8]
1278,[0.7094973],[1.0]
1279,[0.589105],[0.8]
1280,[0.7108011],[0.6]
1281,[0.62757844],[0.6]
1282,[0.33914036],[0.2]
1283,[0.77860117],[0.8]
1284,[0.66748154],[1.0]
1285,[0.6524857],[0.2]
1286,[0.44900393],[0.4]
1287,[0.69290435],[1.0]
1288,[0.41325694],[0.4]
1289,[0.58187217],[0.8]
1290,[0.6946754],[0.6]
1291,[0.42751616],[0.4]
1292,[0.69704646],[0.6]
1293,[0.719817],[0.6]
1294,[0.50740725],[0.6]
1295,[0.58378917],[0.8]
1296,[0.7165705],[0.8]
1297,[0.4088583],[0.4]
1298,[0.7117653],[0.6]
1299,[0.57541144],[0.6]
1300,[0.80320084],[0.2]
1301,[0.6683969],[0.6]
1302,[0.6947112],[0.6]
1303,[0.7126976],[0.4]
1304,[0.73672134],[0.8]
1305,[0.7893775],[0.6]
1306,[0.62673867],[1.0]
1307,[0.66067046],[1.0]
1308,[0.7342022],[0.2]
1309,[0.5992339],[0.6]
1310,[0.7190572],[1.0]
1311,[0.7090498],[0.6]
1312,[0.7778518],[1.0]
1313,[0.7324561],[1.0]
1314,[0.53325534],[0.4]
1315,[0.45732063],[0.4]
1316,[0.71664083],[0.6]
1317,[0.5781092],[0.6]
1318,[0.7208347],[0.8]
1319,[0.6422851],[0.4]
1320,[0.79047644],[0.8]
1321,[0.74956816],[1.0]
1322,[0.7689101],[0.8]
1323,[0.5395907],[0.2]
1324,[0.4762333],[0.6]
1325,[0.7585087],[0.4]
1326,[0.44547263],[0.4]
1327,[0.69725066],[0.8]
1328,[0.6791446],[0.6]
1329,[0.7165026],[0.6]
1330,[0.7757021],[0.6]
1331,[0.72472596],[0.8]
1332,[0.73757803],[0.6]
1333,[0.606813],[1.0]
1334,[0.5632499],[0.4]
1335,[0.29423785],[0.6]
1336,[0.53265035],[0.6]
1337,[0.404373],[0.6]
1338,[0.37908703],[0.4]
1339,[0.7328835],[0.4]
1340,[0.55941087],[0.6]
1341,[0.4008854],[0.2]
1342,[0.669153],[0.6]
1343,[0.561862],[0.6]
1344,[0.71562517],[0.6]
1345,[0.423488],[0.2]
1346,[0.61268896],[0.6]
1347,[0.7452997],[0.8]
1348,[0.5096484],[0.8]
1349,[0.5183849],[0.4]
1350,[0.7935566],[1.0]
1351,[0.7200727],[0.8]
1352,[0.63493615],[0.6]
1353,[0.6319632],[0.4]
1354,[0.3194362],[0.2]
1355,[0.7674272],[1.0]
1356,[0.81808186],[0.8]
1357,[0.6923008],[0.6]
1358,[0.65308714],[0.4]
1359,[0.49653596],[0.4]
1360,[0.78132486],[0.4]
1361,[0.59644467],[0.6]
1362,[0.7977892],[1.0]
1363,[0.5516137],[0.4]
1364,[0.6116214],[1.0]
1365,[0.50854695],[0.6]
1366,[0.852355],[0.8]
1367,[0.6208464],[0.4]
1368,[0.70303273],[0.4]
1369,[0.6860788],[0.2]
1370,[0.753474],[1.0]
1371,[0.7941271],[0.2]
1372,[0.7902316],[0.8]
1373,[0.7712556],[0.4]
1374,[0.79090345],[0.8]
1375,[0.6085874],[0.4]
1376,[0.8699895],[0.6]
1377,[0.79543424],[1.0]
1378,[0.8494493],[0.8]
1379,[0.88056284],[0.8]
1380,[0.9208394],[0.6]
1381,[0.818769],[0.6]
1382,[0.7735074],[1.0]
1383,[0.64687634],[0.6]
1384,[0.6899779],[0.8]
1385,[0.7258144],[1.0]
1386,[0.7389611],[0.8]
1387,[0.51077354],[0.4]
1388,[0.66687953],[1.0]
1389,[0.73797196],[0.4]
1390,[0.63012314],[0.8]
1391,[0.7507193],[0.6]
1392,[0.63482845],[1.0]
1393,[0.45356676],[0.6]
1394,[0.66697454],[0.4]
1395,[0.7892619],[1.0]
1396,[0.55780685],[0.6]
1397,[0.7382009],[1.0]
1398,[0.7797799],[0.2]
1399,[0.65470403],[0.8]
1400,[0.5409046],[1.0]
1401,[0.48632753],[0.2]
1402,[0.32227042],[0.8]
1403,[0.5490408],[0.8]
1404,[0.58467746],[0.8]
1405,[0.33011487],[0.2]
1406,[0.56082684],[0.4]
1407,[0.78060734],[0.6]
1408,[0.71368307],[0.6]
1409,[0.6749617],[0.8]
1410,[0.7922335],[1.0]
1411,[0.66594654],[0.6]
1412,[0.3844189],[0.6]
1413,[0.57789665],[1.0]
1414,[0.49154526],[0.8]
1415,[0.50081134],[0.4]
1416,[0.58723485],[0.4]
1417,[0.71798474],[1.0]
1418,[0.5195699],[0.2]
1419,[0.7247039],[0.6]
1420,[0.5213575],[0.8]
1421,[0.67242557],[1.0]
1422,[0.3695991],[0.4]
1423,[0.44385967],[0.4]
1424,[0.37571457],[0.8]
1425,[0.6204518],[0.6]
1426,[0.332403],[0.4]
1427,[0.7381876],[1.0]
1428,[0.6827286],[0.8]
1429,[0.3424191],[0.4]
1430,[0.71766186],[0.6]
1431,[0.49447495],[0.8]
1432,[0.62417805],[0.6]
1433,[0.7358376],[0.4]
1434,[0.7893841],[0.6]
1435,[0.46427524],[0.4]
1436,[0.35353047],[0.4]
1437,[0.7612649],[0.6]
1438,[0.76858425],[0.6]
1439,[0.75807476],[0.6]
1440,[0.72875196],[0.8]
1441,[0.5279248],[0.2]
1442,[0.70645076],[0.6]
1443,[0.7079091],[0.8]
1444,[0.7550754],[0.8]
1445,[0.32649833],[1.0]
1446,[0.37664357],[0.6]
1447,[0.78375936],[0.6]
1448,[0.7971152],[0.4]
1449,[0.44470453],[0.8]
1450,[0.63271105],[0.4]
1451,[0.9122568],[0.6]
1452,[0.86523485],[0.4]
1453,[0.7683137],[0.4]
1454,[0.47601745],[0.2]
1455,[0.7154943],[0.6]
1456,[0.5286365],[0.8]
1457,[0.7922932],[1.0]
1458,[0.67779434],[0.6]
1459,[0.44271982],[1.0]
1460,[0.6783314],[0.8]
1461,[0.8017311],[1.0]
1462,[0.7036712],[1.0]
1463,[0.7651464],[0.8]
1464,[0.85519254],[0.6]
1465,[0.64439297],[0.8]
1466,[0.75425714],[0.8]
1467,[0.8321128],[0.8]
1468,[0.7518765],[1.0]
1469,[0.7514979],[0.6]
1470,[0.5752807],[1.0]
1471,[0.7524355],[0.8]
1472,[0.3786527],[0.2]
1473,[0.7408744],[0.8]
1474,[0.7155839],[0.4]
1475,[0.7532641],[0.8]
1476,[0.7645644],[0.6]
1477,[0.31975588],[0.4]
1478,[0.56087875],[0.8]
1479,[0.71733797],[0.8]
1480,[0.3296069],[0.4]
1481,[0.74027216],[0.8]
1482,[0.7756104],[0.4]
1483,[0.6219348],[0.4]
1484,[0.6538174],[0.8]
1485,[0.7464356],[0.6]
1486,[0.45884043],[0.4]
1487,[0.36452198],[0.8]
1488,[0.6433432],[0.8]
1489,[0.7770306],[0.4]
1490,[0.8183867],[0.8]
1491,[0.3943529],[0.2]
1492,[0.86819553],[0.6]
1493,[0.483777],[0.4]
1494,[0.5564993],[0.6]
1495,[0.7454727],[0.8]
1496,[0.71939594],[0.6]
1497,[0.5722556],[0.8]
1498,[0.80838335],[0.8]
1499,[0.5856752],[0.8]
1500,[0.71890354],[0.6]
1501,[0.6640063],[0.4]
1502,[0.5686121],[0.8]
1503,[0.50518405],[0.6]
1504,[0.647595],[0.4]
1505,[0.7580571],[0.6]
1506,[0.8083477],[0.2]
1507,[0.79379404],[0.4]
1508,[0.6112166],[0.6]
1509,[0.48870456],[0.6]
1510,[0.64216137],[0.6]
1511,[0.9157411],[0.2]
1512,[0.74689853],[0.8]
1513,[0.44706672],[0.4]
1514,[0.8135397],[0.6]
1515,[0.952527],[0.8]
1516,[0.35879025],[0.6]
1517,[0.6508887],[0.4]
1518,[0.69031817],[0.8]
1519,[0.67504996],[0.6]
1520,[0.8524133],[0.8]
1521,[0.53866756],[0.6]
1522,[0.8878151],[0.6]
1523,[0.5774489],[0.8]
1524,[0.7163205],[0.8]
1525,[0.7437315],[0.6]
1526,[0.8484485],[1.0]
1527,[0.70989126],[1.0]
1528,[0.6858084],[1.0]
1529,[0.7622839],[0.6]
1530,[0.6947405],[0.6]
1531,[0.53866196],[0.4]
1532,[0.43295404],[0.4]
1533,[0.66898537],[0.4]
1534,[0.72344625],[0.2]
1535,[0.754395],[0.4]
1536,[0.7339922],[0.6]
1537,[0.61936015],[0.8]
1538,[0.43729144],[0.6]
1539,[0.57661873],[0.8]
1540,[0.5912794],[0.8]
1541,[0.7405668],[0.4]
1542,[0.70912886],[0.8]
1543,[0.6636517],[0.6]
1544,[0.61391103],[0.6]
1545,[0.6478579],[0.6]
1546,[0.71761394],[0.4]
1547,[0.61898494],[0.6]
1548,[0.749156],[0.8]
1549,[0.64657545],[0.6]
1550,[0.6423744],[0.4]
1551,[0.42489314],[0.4]
1552,[0.70217043],[0.2]
1553,[0.4832657],[1.0]
1554,[0.44495797],[0.4]
1555,[0.46094552],[0.6]
1556,[0.40468577],[0.6]
1557,[0.508198],[0.6]
1558,[0.6000649],[0.4]
1559,[0.46135208],[0.2]
1560,[0.58594847],[0.6]
1561,[0.47108692],[0.4]
1562,[0.5468342],[1.0]
1563,[0.7420231],[0.6]
1564,[0.45209086],[0.2]
1565,[0.5176957],[0.2]
1566,[0.71918297],[0.8]
1567,[0.76945317],[0.4]
1568,[0.46380055],[0.2]
1569,[0.47553906],[0.6]
1570,[0.5946408],[0.8]
1571,[0.4798006],[0.8]
1572,[0.78407454],[0.8]
1573,[0.41847727],[0.8]
1574,[0.3655513],[0.4]
1575,[0.70054805],[0.8]
1576,[0.60925645],[0.4]
1577,[0.7296415],[0.6]
1578,[0.5283753],[0.4]
1579,[0.7350883],[0.8]
1580,[0.64395446],[0.4]
1581,[0.5543339],[0.8]
1582,[0.45583317],[0.6]
1583,[0.3646661],[0.8]
1584,[0.4464273],[0.4]
1585,[0.7140362],[1.0]
1586,[0.6185541],[0.8]
1587,[0.69115794],[0.8]
1588,[0.5855297],[0.6]
1589,[0.49542746],[0.6]
1590,[0.6066914],[0.8]
1591,[0.34325558],[0.8]
1592,[0.36302003],[0.8]
1593,[0.69685477],[0.4]
1594,[0.34203142],[0.6]
1595,[0.6543511],[0.8]
1596,[0.72418004],[0.8]
1597,[0.71315557],[0.8]
1598,[0.69582164],[0.8]
1599,[0.44591638],[0.6]
1600,[0.39428866],[0.4]
1601,[0.35508427],[0.6]
1602,[0.38587928],[0.4]
1603,[0.47181433],[0.6]
1604,[0.71210074],[0.6]
1605,[0.37143093],[0.8]
1606,[0.6510131],[0.6]
1607,[0.8063952],[0.6]
1608,[0.7505532],[0.6]
1609,[0.82078993],[0.8]
1610,[0.69992536],[0.4]
1611,[0.7868924],[1.0]
1612,[0.63763535],[0.4]
1613,[0.68329847],[0.2]
1614,[0.7068981],[0.6]
1615,[0.7192154],[0.6]
1616,[0.7114199],[0.6]
1617,[0.7679321],[0.8]
1618,[0.73227954],[1.0]
1619,[0.7434893],[0.4]
1620,[0.7699717],[0.8]
1621,[0.8059355],[0.6]
1622,[0.7972219],[0.8]
1623,[0.8088107],[0.6]
1624,[0.5538653],[0.8]
1625,[0.4040782],[0.2]
1626,[0.5984025],[0.6]
1627,[0.36228445],[0.4]
1628,[0.6163845],[0.8]
1629,[0.7351383],[0.6]
1630,[0.6550971],[0.8]
1631,[0.80596566],[0.2]
1632,[0.7146545],[0.6]
1633,[0.7146545],[0.8]
1634,[0.8087148],[0.8]
1635,[0.42908576],[0.8]
1636,[0.8327592],[1.0]
1637,[0.77941024],[0.6]
1638,[0.6634623],[1.0]
1639,[0.7045758],[0.6]
1640,[0.6687641],[0.8]
1641,[0.84011996],[0.4]
1642,[0.8004527],[0.4]
1643,[0.5095119],[0.2]
1644,[0.72624457],[0.2]
1645,[0.4808726],[0.2]
1646,[0.62793326],[0.8]
1647,[0.7466451],[0.6]
1648,[0.52298135],[0.8]
1649,[0.8182241],[1.0]
1650,[0.90159595],[1.0]
1651,[0.740636],[0.4]
1652,[0.5589904],[0.8]
1653,[0.7691484],[0.8]
1654,[0.6551425],[0.6]
1655,[0.76041496],[1.0]
1656,[0.68883246],[0.8]
1657,[0.36646444],[0.6]
1658,[0.70207137],[1.0]
1659,[0.61594486],[1.0]
1660,[0.45457473],[0.2]
1661,[0.48624486],[0.4]
1662,[0.6175071],[0.4]
1663,[0.65801394],[0.4]
1664,[0.622807],[0.6]
1665,[0.64413244],[0.8]
1666,[0.6959762],[0.8]
1667,[0.7095008],[0.6]
1668,[0.51500195],[0.6]
1669,[0.6489285],[0.4]
1670,[0.4080747],[0.2]
1671,[0.45684072],[0.8]
1672,[0.7310828],[0.8]
1673,[0.6444489],[0.6]
1674,[0.51628053],[0.2]
1675,[0.7368129],[1.0]
1676,[0.7221055],[0.8]
1677,[0.33380267],[0.4]
1678,[0.47309083],[0.6]
1679,[0.82904863],[0.8]
1680,[0.6122715],[0.2]
1681,[0.6579815],[0.8]
1682,[0.3765807],[0.6]
1683,[0.4207455],[0.6]
1684,[0.7687796],[1.0]
1685,[0.7164401],[0.4]
1686,[0.79136264],[0.4]
1687,[0.35269076],[0.4]
1688,[0.6290099],[0.2]
1689,[0.85080886],[1.0]
1690,[0.7468975],[0.6]
1691,[0.6967038],[0.6]
1692,[0.57040477],[0.2]
1693,[0.5926119],[0.6]
1694,[0.8513995],[1.0]
1695,[0.76633835],[0.6]
1696,[0.8368882],[0.8]
1697,[0.48968214],[0.6]
1698,[0.637199],[0.8]
1699,[0.5797317],[0.8]
1700,[0.3551256],[0.2]
1701,[0.6385698],[0.6]
1702,[0.74391013],[0.4]
1703,[0.6012728],[0.6]
1704,[0.5365759],[0.4]
1705,[0.7302134],[0.2]
1706,[0.6438229],[0.8]
1707,[0.7526108],[0.8]
1708,[0.7370341],[0.8]
1709,[0.6412937],[0.6]
1710,[0.7414221],[0.6]
1711,[0.5932005],[0.8]
1712,[0.8404193],[0.6]
1713,[0.53311944],[0.4]
1714,[0.3036803],[0.8]
1715,[0.74903953],[0.6]
1716,[0.8175361],[0.8]
1717,[0.726049],[0.4]
1718,[0.8076638],[0.8]
1719,[0.7132584],[1.0]
1720,[0.4906252],[0.4]
1721,[0.3167686],[0.4]
1722,[0.7782395],[0.8]
1723,[0.44209573],[0.2]
1724,[0.6226049],[0.8]
1725,[0.5194051],[0.6]
1726,[0.7322445],[0.8]
1727,[0.5376578],[0.4]
1728,[0.6029379],[0.8]
1729,[0.77964175],[0.8]
1730,[0.39608762],[0.6]
1731,[0.6227644],[1.0]
1732,[0.7562698],[0.6]
1733,[0.6387621],[0.2]
1734,[0.6582352],[0.4]
1735,[0.69312143],[0.6]
1736,[0.5213575],[0.6]
1737,[0.61850756],[0.6]
1738,[0.5872316],[0.6]
1739,[0.62134564],[0.8]
1740,[0.39686507],[0.4]
1741,[0.4727991],[0.6]
1742,[0.4998133],[0.4]
1743,[0.48917016],[0.4]
1744,[0.5213575],[0.4]
1745,[0.8553798],[0.2]
1746,[0.55825305],[0.4]
1747,[0.76845866],[1.0]
1748,[0.6939961],[0.4]
1749,[0.5090596],[0.4]
1750,[0.58757067],[0.8]
1751,[0.46371523],[0.6]
1752,[0.72337854],[0.8]
1753,[0.63143015],[0.4]
1754,[0.55876446],[1.0]
1755,[0.48109227],[0.2]
1756,[0.54261255],[0.4]
1757,[0.6552324],[0.6]
1758,[0.72580665],[0.6]
1759,[0.42787328],[0.4]
1760,[0.6830079],[0.6]
1761,[0.43031448],[0.4]
1762,[0.39891246],[0.6]
1763,[0.7067714],[0.6]
1764,[0.7405981],[0.8]
1765,[0.6663162],[1.0]
1766,[0.42308354],[0.2]
1767,[0.5739352],[0.8]
1768,[0.61317885],[0.6]
1769,[0.41746345],[0.2]
1770,[0.337688],[0.2]
1771,[0.45182616],[0.6]
1772,[0.73081344],[0.2]
1773,[0.5545274],[0.2]
1774,[0.61121523],[0.6]
1775,[0.6234773],[0.8]
1776,[0.55459344],[1.0]
1777,[0.50703007],[0.4]
1778,[0.70966196],[0.8]
1779,[0.5465779],[0.6]
1780,[0.66982096],[0.6]
1781,[0.6113289],[0.8]
1782,[0.5708245],[0.6]
1783,[0.58652425],[0.6]
1784,[0.43992883],[0.8]
1785,[0.42275757],[0.2]
1786,[0.48975682],[0.4]
1787,[0.74734235],[1.0]
1788,[0.5810624],[0.2]
1789,[0.40588287],[0.6]
1790,[0.65718687],[1.0]
1791,[0.71798176],[0.6]
1792,[0.47209987],[0.4]
1793,[0.59723973],[0.6]
1794,[0.44528157],[0.4]
1795,[0.5866313],[0.8]
1796,[0.44398218],[0.6]
1797,[0.5292389],[0.8]
1798,[0.60428756],[0.2]
1799,[0.5659405],[0.6]
1800,[0.7227607],[0.8]
1801,[0.6174951],[0.8]
1802,[0.6381912],[0.8]
1803,[0.55064136],[0.8]
1804,[0.6970469],[0.8]
1805,[0.5081152],[0.4]
1806,[0.49062416],[0.4]
1807,[0.69757336],[0.8]
1808,[0.54049844],[0.6]
1809,[0.50950915],[0.6]
1810,[0.6468204],[0.6]
1811,[0.690495],[0.8]
1812,[0.6262584],[0.6]
1813,[0.73253965],[0.8]
1814,[0.54556084],[0.6]
1815,[0.44912943],[0.8]
1816,[0.8094435],[1.0]
1817,[0.7201755],[0.6]
1818,[0.4726407],[0.6]
1819,[0.7578809],[0.8]
1820,[0.52835083],[0.6]
1821,[0.6136537],[0.8]
1822,[0.4766924],[0.6]
1823,[0.5509261],[1.0]
1824,[0.54738146],[0.8]
1825,[0.4712167],[0.8]
1826,[0.45096844],[0.6]
1827,[0.5601247],[0.6]
1828,[0.6630608],[0.4]
1829,[0.7061973],[0.4]
1830,[0.6657938],[0.6]
1831,[0.6725606],[0.8]
1832,[0.63354874],[0.4]
1833,[0.71234864],[0.6]
1834,[0.40210587],[0.6]
1835,[0.72506773],[0.2]
1836,[0.4940611],[0.6]
1837,[0.6168975],[0.8]
1838,[0.74211943],[0.8]
1839,[0.66738987],[1.0]
1840,[0.525738],[0.2]
1841,[0.5152943],[0.8]
1842,[0.58798397],[0.4]
1843,[0.46991026],[0.2]
1844,[0.7343743],[0.8]
1845,[0.6905889],[1.0]
1846,[0.7610445],[0.8]
1847,[0.4041074],[0.8]
1848,[0.35622573],[0.2]
1849,[0.38613766],[1.0]
1850,[0.6312151],[0.8]
1851,[0.34457618],[0.8]
1852,[0.5601313],[0.8]
1853,[0.55615646],[1.0]
1854,[0.63971114],[1.0]
1855,[0.6835301],[0.6]
1856,[0.62496823],[0.4]
1857,[0.5606821],[0.6]
1858,[0.44115508],[0.2]
1859,[0.60937166],[0.6]
1860,[0.7223651],[0.4]
1861,[0.8820696],[0.8]
1862,[0.5655099],[0.8]
1863,[0.60270834],[0.4]
1864,[0.6059675],[0.6]
1865,[0.6267877],[0.8]
1866,[0.7170403],[0.6]
1867,[0.6988368],[0.4]
1868,[0.718413],[0.2]
1869,[0.53138906],[0.8]
1870,[0.75875396],[0.8]
1871,[0.7066874],[0.8]
1872,[0.6045042],[0.4]
1873,[0.7894338],[0.8]
1874,[0.72401357],[0.8]
1875,[0.45944712],[0.6]
1876,[0.6997114],[0.6]
1877,[0.8055669],[0.6]
1878,[0.68532395],[0.4]
1879,[0.72243595],[0.6]
1880,[0.35151362],[0.8]
1881,[0.5710387],[0.4]
1882,[0.4691619],[0.2]
1883,[0.7270255],[0.4]
1884,[0.59039617],[0.4]
1885,[0.61607987],[0.8]
1886,[0.71642417],[0.8]
1887,[0.62643325],[0.8]
1888,[0.47017735],[0.6]
1889,[0.74479735],[1.0]
1890,[0.72573674],[1.0]
1891,[0.73227185],[0.8]
1892,[0.8344143],[0.6]
1893,[0.76080155],[1.0]
1894,[0.6821351],[1.0]
1895,[0.4098973],[0.4]
1896,[0.63078684],[1.0]
1897,[0.6482079],[0.8]
1898,[0.61842626],[0.6]
1899,[0.5554302],[0.6]
1900,[0.6648194],[1.0]
1901,[0.6515518],[0.4]
1902,[0.7322173],[1.0]
1903,[0.8590104],[1.0]
1904,[0.65612686],[0.6]
1905,[0.7160683],[0.8]
1906,[0.75936],[0.8]
1907,[0.44418812],[0.6]
1908,[0.45079634],[0.6]
1909,[0.38726762],[0.6]
1910,[0.53146327],[0.6]
1911,[0.53584605],[0.6]
1912,[0.688955],[0.4]
1913,[0.37971523],[0.2]
1914,[0.5698177],[0.6]
1915,[0.71145356],[0.8]
1916,[0.71145356],[1.0]
1917,[0.37751383],[0.4]
1918,[0.452104],[0.8]
1919,[0.5677778],[0.6]
1920,[0.5847304],[1.0]
1921,[0.7407081],[0.6]
1922,[0.30529216],[0.2]
1923,[0.33352417],[0.6]
1924,[0.70432687],[0.8]
1925,[0.60257435],[0.8]
1926,[0.49031618],[0.8]
1927,[0.6241931],[0.6]
1928,[0.7068072],[0.6]
1929,[0.90808034],[1.0]
1930,[0.58183384],[0.4]
1931,[0.79085916],[0.2]
1932,[0.7600589],[0.6]
1933,[0.43373448],[0.8]
1934,[0.84484917],[0.6]
1935,[0.7790991],[0.8]
1936,[0.8304486],[0.8]
1937,[0.61228716],[0.8]
1938,[0.84580696],[0.8]
1939,[0.81049526],[0.6]
1940,[0.56521297],[0.8]
1941,[0.7233978],[1.0]
1942,[0.5548489],[0.4]
1943,[0.7675344],[0.6]
1944,[0.5700827],[0.6]
1945,[0.73706496],[0.6]
1946,[0.4698662],[0.2]
1947,[0.4017725],[0.4]
1948,[0.7560586],[0.8]
1949,[0.6820989],[0.6]
1950,[0.53466415],[0.2]
1951,[0.6651802],[0.8]
1952,[0.6223439],[0.4]
1953,[0.54938424],[0.2]
1954,[0.7284626],[0.6]
1955,[0.60222447],[0.4]
1956,[0.6739258],[0.4]
1957,[0.76270354],[0.8]
1958,[0.61641],[0.6]
1959,[0.31260356],[0.2]
1960,[0.58998644],[0.4]
1961,[0.52984476],[0.4]
1962,[0.7513977],[0.8]
1963,[0.6959203],[0.6]
1964,[0.60616076],[0.8]
1965,[0.6941184],[0.8]
1966,[0.7049075],[0.6]
1967,[0.42841703],[0.4]
1968,[0.6571586],[0.2]
1969,[0.71288145],[0.8]
1970,[0.7344803],[0.4]
1971,[0.60624075],[0.8]
1972,[0.6279559],[0.8]
1973,[0.60019964],[0.6]
1974,[0.7867292],[0.8]
1975,[0.43299362],[0.8]
1976,[0.4170961],[0.6]
1977,[0.58304715],[0.4]
1978,[0.77883625],[1.0]
1979,[0.5253664],[0.8]
1980,[0.586343],[0.4]
1981,[0.4179402],[0.6]
1982,[0.73574835],[0.8]
1983,[0.8579787],[1.0]
1984,[0.6571553],[1.0]
1985,[0.6763606],[0.8]
1986,[0.5726522],[0.8]
1987,[0.5098939],[0.6]
1988,[0.7893032],[0.2]
1989,[0.7645695],[0.8]
1990,[0.67033637],[1.0]
1991,[0.6859263],[0.4]
1992,[0.72050595],[1.0]
1993,[0.687814],[0.6]
1994,[0.78351915],[0.4]
1995,[0.7628559],[0.8]
1996,[0.52289325],[0.4]
1997,[0.7139143],[0.4]
1998,[0.7427563],[0.4]
1999,[0.7214504],[0.6]
2000,[0.6540303],[0.6]
2001,[0.83279145],[0.8]
2002,[0.7623327],[0.6]
2003,[0.53065073],[0.4]
2004,[0.7052658],[0.8]
2005,[0.72195196],[0.8]
2006,[0.6666655],[0.6]
2007,[0.73468035],[0.2]
2008,[0.51749456],[0.4]
2009,[0.42308173],[0.4]
2010,[0.66681415],[0.4]
2011,[0.7023566],[0.6]
2012,[0.5768181],[0.8]
2013,[0.5485734],[0.4]
2014,[0.7274794],[1.0]
2015,[0.79096484],[1.0]
2016,[0.68542594],[0.8]
2017,[0.40560335],[0.2]
2018,[0.45165032],[0.4]
2019,[0.50447124],[0.8]
2020,[0.7216565],[0.8]
2021,[0.6847584],[0.2]
2022,[0.40035456],[0.6]
2023,[0.44997144],[0.6]
2024,[0.77568316],[1.0]
2025,[0.69489413],[0.8]
2026,[0.6097774],[0.8]
2027,[0.7410264],[0.8]
2028,[0.66803735],[0.6]
2029,[0.51296186],[0.2]
2030,[0.7526137],[1.0]
2031,[0.8517425],[0.8]
2032,[0.73505926],[0.6]
2033,[0.42830637],[0.4]
2034,[0.61508805],[0.6]
2035,[0.7969834],[0.6]
2036,[0.7759031],[0.8]
2037,[0.7116283],[0.8]
2038,[0.67328846],[0.2]
2039,[0.83783066],[0.6]
2040,[0.8074924],[1.0]
2041,[0.74555373],[0.6]
2042,[0.7686552],[0.4]
2043,[0.81647706],[0.6]
2044,[0.776031],[0.8]
2045,[0.65488714],[0.8]
2046,[0.85576916],[0.6]
2047,[0.73330784],[0.4]
2048,[0.38500184],[0.4]
2049,[0.7218829],[0.8]
2050,[0.31945473],[0.6]
2051,[0.4853638],[0.6]
2052,[0.45186585],[0.4]
2053,[0.5150427],[0.4]
2054,[0.6433222],[0.2]
2055,[0.6367573],[0.4]
2056,[0.7122903],[0.6]
2057,[0.37187725],[0.4]
2058,[0.66267014],[0.8]
2059,[0.58686626],[0.6]
2060,[0.4947729],[0.6]
2061,[0.6329739],[0.6]
2062,[0.60143614],[0.8]
2063,[0.61757225],[0.6]
2064,[0.4715019],[0.4]
2065,[0.59865063],[0.6]
2066,[0.7229909],[0.8]
2067,[0.7375755],[0.6]
2068,[0.7633047],[0.4]
2069,[0.55354357],[0.6]
2070,[0.62277526],[0.6]
2071,[0.7849364],[0.2]
2072,[0.4935981],[0.6]
2073,[0.80183494],[0.8]
2074,[0.735674],[0.6]
2075,[0.75633776],[0.6]
2076,[0.7646403],[1.0]
2077,[0.5077048],[0.2]
2078,[0.6929398],[0.8]
2079,[0.5899356],[0.8]
2080,[0.77064395],[0.6]
2081,[0.55518407],[0.4]
2082,[0.6010672],[0.2]
2083,[0.8160902],[0.8]
2084,[0.7543389],[0.2]
2085,[0.74289984],[0.6]
2086,[0.7089179],[0.4]
2087,[0.77512443],[0.2]
2088,[0.70371854],[0.6]
2089,[0.72805244],[0.6]
2090,[0.56375164],[0.4]
2091,[0.7420357],[0.4]
2092,[0.74982804],[1.0]
2093,[0.7642771],[0.8]
2094,[0.7572969],[0.6]
2095,[0.7441891],[0.6]
2096,[0.9230175],[0.8]
2097,[0.73769546],[0.6]
2098,[0.7769193],[0.6]
2099,[0.83395135],[0.4]
2100,[0.42451742],[0.8]
2101,[0.42835733],[0.6]
2102,[0.52564543],[0.8]
2103,[0.46289203],[0.6]
2104,[0.45139128],[0.6]
2105,[0.47013772],[0.4]
2106,[0.44259167],[0.8]
2107,[0.4488073],[0.8]
2108,[0.44925693],[1.0]
2109,[0.469189],[0.4]
2110,[0.3852378],[0.8]
2111,[0.42039102],[0.2]
2112,[0.5484278],[0.4]
2113,[0.44061118],[0.6]
2114,[0.68770576],[0.6]
2115,[0.67091966],[0.8]
2116,[0.7276156],[0.6]
2117,[0.56792414],[0.6]
2118,[0.46688783],[1.0]
2119,[0.5031775],[0.4]
2120,[0.76545835],[0.6]
2121,[0.72438663],[1.0]
2122,[0.74942833],[0.8]
2123,[0.64476115],[0.2]
2124,[0.7719416],[1.0]
2125,[0.7115696],[0.8]
2126,[0.70956606],[0.4]
2127,[0.7551516],[0.4]
2128,[0.6645384],[0.6]
2129,[0.5552292],[1.0]
2130,[0.7210712],[0.6]
2131,[0.7074451],[0.6]
2132,[0.66279227],[0.6]
2133,[0.71348614],[1.0]
2134,[0.7253294],[0.8]
2135,[0.7726348],[0.6]
2136,[0.5830491],[0.6]
2137,[0.62058043],[0.4]
2138,[0.7183869],[0.4]
2139,[0.5529395],[0.2]
2140,[0.7219708],[0.2]
2141,[0.5033135],[0.4]
2142,[0.72954226],[0.8]
2143,[0.5910374],[0.4]
2144,[0.37920925],[0.8]
2145,[0.58293307],[0.8]
2146,[0.58204603],[0.4]
2147,[0.7340697],[0.8]
2148,[0.64096975],[1.0]
2149,[0.73284495],[0.6]
2150,[0.7685497],[0.6]
2151,[0.7377634],[0.8]
2152,[0.7087337],[0.8]
2153,[0.86721146],[0.8]
2154,[0.6463987],[0.8]
2155,[0.7502612],[1.0]
2156,[0.49979857],[0.6]
2157,[0.7102599],[0.8]
2158,[0.6695581],[0.8]
2159,[0.5825043],[0.6]
2160,[0.55740154],[0.4]
2161,[0.71583307],[1.0]
2162,[0.5391314],[0.4]
2163,[0.762517],[0.8]
2164,[0.80343795],[0.6]
2165,[0.7859819],[0.8]
2166,[0.7910453],[0.4]
2167,[0.66360235],[0.8]
2168,[0.71322954],[0.2]
2169,[0.7236967],[0.6]
2170,[0.6917446],[0.8]
2171,[0.365278],[0.2]
2172,[0.75861514],[0.8]
2173,[0.79974806],[0.6]
2174,[0.70454824],[1.0]
2175,[0.74884075],[0.6]
2176,[0.46264333],[0.8]
2177,[0.46586835],[0.4]
2178,[0.7572077],[1.0]
2179,[0.7663015],[0.8]
2180,[0.4477848],[0.8]
2181,[0.76929665],[0.6]
2182,[0.56473804],[0.6]
2183,[0.8078515],[0.8]
2184,[0.46938494],[0.8]
2185,[0.79834455],[0.8]
2186,[0.5795218],[0.6]
2187,[0.75577646],[0.4]
2188,[0.36537534],[0.2]
2189,[0.4794869],[0.8]
2190,[0.44801813],[0.6]
2191,[0.7255831],[0.6]
2192,[0.585916],[0.6]
2193,[0.7214796],[0.6]
2194,[0.72720706],[0.8]
2195,[0.71195674],[0.4]
2196,[0.7448614],[1.0]
2197,[0.73931074],[0.6]
2198,[0.73202443],[0.4]
2199,[0.76528025],[0.8]
2200,[0.73068607],[0.6]
2201,[0.7130734],[0.2]
2202,[0.71443],[1.0]
2203,[0.60208553],[1.0]
2204,[0.70937073],[0.6]
2205,[0.6407895],[0.4]
2206,[0.6815732],[0.6]
2207,[0.7904086],[0.8]
2208,[0.6342092],[0.4]
2209,[0.6991356],[0.8]
2210,[0.73194873],[0.8]
2211,[0.7134825],[0.8]
2212,[0.78284216],[0.8]
2213,[0.8689759],[0.8]
2214,[0.67842793],[0.6]
2215,[0.8171954],[0.8]
2216,[0.79930365],[0.4]
2217,[0.6002907],[1.0]
2218,[0.7318728],[0.6]
2219,[0.4884246],[0.6]
2220,[0.7053201],[0.4]
2221,[0.40331182],[0.4]
2222,[0.65083784],[0.8]
2223,[0.75854],[1.0]
2224,[0.39193073],[0.4]
2225,[0.8033315],[0.8]
2226,[0.69001365],[0.6]
2227,[0.70242107],[0.4]
2228,[0.5103939],[0.6]
2229,[0.50415725],[0.8]
2230,[0.6312545],[0.4]
2231,[0.7406814],[1.0]
2232,[0.81980026],[0.8]
2233,[0.4022583],[0.4]
2234,[0.47378322],[0.6]
2235,[0.6565888],[0.2]
2236,[0.7109548],[0.6]
2237,[0.46489397],[0.4]
2238,[0.6970761],[0.6]
2239,[0.77369803],[0.6]
2240,[0.8217132],[0.6]
2241,[0.86008656],[1.0]
2242,[0.79460675],[1.0]
2243,[0.81021357],[1.0]
2244,[0.6435715],[0.4]
2245,[0.80691546],[0.4]
2246,[0.6591465],[0.4]
2247,[0.5358953],[0.6]
2248,[0.786821],[0.6]
2249,[0.53277946],[0.8]
2250,[0.7159053],[0.2]
2251,[0.5152361],[0.6]
2252,[0.4216407],[1.0]
2253,[0.44937244],[0.2]
2254,[0.6550574],[0.2]
2255,[0.842734],[0.8]
2256,[0.5213575],[0.6]
2257,[0.7436278],[1.0]
2258,[0.66446507],[0.8]
2259,[0.5213575],[0.4]
2260,[0.38882646],[0.4]
2261,[0.43403664],[0.2]
2262,[0.4819413],[0.6]
2263,[0.56715935],[0.4]
2264,[0.3535161],[0.4]
2265,[0.3991385],[0.4]
2266,[0.4862137],[0.6]
2267,[0.73553467],[1.0]
2268,[0.69588053],[0.6]
2269,[0.47326884],[0.2]
2270,[0.47493044],[0.8]
2271,[0.41347927],[0.6]
2272,[0.5203989],[0.6]
2273,[0.402515],[0.4]
2274,[0.44424766],[0.4]
2275,[0.5089257],[0.8]
2276,[0.49413761],[0.8]
2277,[0.32050207],[0.2]
2278,[0.7083826],[1.0]
2279,[0.73962164],[0.6]
2280,[0.32916653],[1.0]
2281,[0.79762375],[0.6]
2282,[0.7883463],[0.4]
2283,[0.7316414],[0.6]
2284,[0.7151866],[0.6]
2285,[0.69736403],[0.6]
2286,[0.51196045],[0.4]
2287,[0.616368],[0.8]
2288,[0.7441776],[0.2]
2289,[0.7659838],[0.4]
2290,[0.67622054],[0.4]
2291,[0.44359112],[0.6]
2292,[0.6637177],[0.8]
2293,[0.71358395],[1.0]
2294,[0.7015481],[0.6]
2295,[0.67722666],[0.4]
2296,[0.51931417],[0.4]
2297,[0.5050032],[0.6]
2298,[0.5144264],[0.6]
2299,[0.7168025],[0.6]
2300,[0.7193757],[1.0]
2301,[0.5981753],[0.8]
2302,[0.4578222],[1.0]
2303,[0.74339294],[0.8]
2304,[0.711865],[0.8]
2305,[0.5554054],[0.8]
2306,[0.5098807],[0.8]
2307,[0.6949544],[0.8]
2308,[0.5442249],[0.6]
2309,[0.45653814],[0.4]
2310,[0.7415662],[1.0]
2311,[0.73557925],[0.6]
2312,[0.7047583],[0.6]
2313,[0.45455447],[0.8]
2314,[0.388172],[0.4]
2315,[0.57050323],[0.8]
2316,[0.56104267],[0.4]
2317,[0.48019007],[0.6]
2318,[0.5461209],[0.6]
2319,[0.45172054],[0.4]
2320,[0.47946498],[1.0]
2321,[0.5574749],[0.4]
2322,[0.46088192],[0.4]
2323,[0.64421916],[0.6]
2324,[0.4483244],[0.6]
2325,[0.71879005],[1.0]
2326,[0.38667086],[0.8]
2327,[0.32558858],[0.2]
2328,[0.7367846],[0.4]
2329,[0.71961963],[0.6]
2330,[0.58991396],[1.0]
2331,[0.50932753],[0.6]
2332,[0.37237734],[0.6]
2333,[0.73677874],[0.8]
2334,[0.51567376],[0.6]
2335,[0.6813615],[0.6]
2336,[0.7057912],[0.8]
2337,[0.670595],[0.6]
2338,[0.7864432],[0.6]
2339,[0.73787546],[0.6]
2340,[0.38214666],[0.4]
2341,[0.7127391],[0.6]
2342,[0.70604706],[0.6]
2343,[0.66008604],[0.8]
2344,[0.62705815],[0.6]
2345,[0.57868606],[0.6]
2346,[0.7174074],[0.8]
2347,[0.7631384],[0.6]
2348,[0.59946364],[0.8]
2349,[0.7754124],[0.8]
2350,[0.7444403],[0.4]
2351,[0.56557083],[0.4]
2352,[0.73328054],[0.6]
2353,[0.70809036],[0.8]
2354,[0.77619386],[0.6]
2355,[0.7339736],[1.0]
2356,[0.7072303],[0.6]
2357,[0.734874],[0.8]
2358,[0.45404214],[0.6]
2359,[0.6808541],[0.6]
2360,[0.5539255],[0.4]
2361,[0.67515063],[0.4]
2362,[0.72160196],[0.8]
2363,[0.76382947],[0.8]
2364,[0.7469883],[0.8]
2365,[0.38806877],[0.6]
2366,[0.59982944],[0.4]
2367,[0.7090763],[1.0]
2368,[0.6078288],[0.6]
2369,[0.87195826],[0.6]
2370,[0.74301547],[0.4]
2371,[0.61247945],[0.2]
2372,[0.7422594],[0.8]
2373,[0.66224056],[0.6]
2374,[0.7919783],[0.6]
2375,[0.5627784],[0.6]
2376,[0.7365444],[0.8]
2377,[0.77164304],[0.8]
2378,[0.6670172],[0.6]
2379,[0.5423405],[0.6]
2380,[0.81758153],[0.6]
2381,[0.7393317],[0.6]
2382,[0.6652072],[0.8]
2383,[0.7137329],[0.6]
2384,[0.6934604],[0.8]
2385,[0.5367789],[0.4]
2386,[0.65217006],[0.8]
2387,[0.69206417],[0.6]
2388,[0.60000664],[0.6]
2389,[0.7272679],[0.8]
2390,[0.3179779],[0.4]
2391,[0.8351588],[1.0]
2392,[0.6503045],[0.8]
2393,[0.8669993],[0.6]
2394,[0.7311585],[1.0]
2395,[0.7231306],[0.4]
2396,[0.86816144],[1.0]
2397,[0.73330224],[0.6]
2398,[0.6415715],[0.8]
2399,[0.70072967],[0.6]
2400,[0.44613805],[0.2]
2401,[0.7370614],[0.4]
2402,[0.48352164],[0.8]
2403,[0.89370567],[1.0]
2404,[0.66134906],[0.8]
2405,[0.7664389],[0.8]
2406,[0.8698029],[0.6]
2407,[0.5479946],[0.8]
2408,[0.6107198],[0.8]
2409,[0.61833584],[0.8]
2410,[0.7499691],[0.8]
2411,[0.661747],[0.6]
2412,[0.7329935],[0.8]
2413,[0.66299176],[0.4]
2414,[0.7145278],[0.8]
2415,[0.6290832],[0.4]
2416,[0.6834569],[0.6]
2417,[0.6390116],[0.4]
2418,[0.7510755],[0.4]
2419,[0.6595124],[0.8]
2420,[0.67057014],[0.6]
2421,[0.3266744],[0.8]
2422,[0.64366746],[0.2]
2423,[0.710919],[1.0]
